Date,Category,Net worth,Assets,Real estate,Consumer durables,Corporate equities and mutual fund shares,DB pension entitlements,DC pension entitlements,Unincorporated businesses,Other assets,Liabilities,Home mortgages,Consumer credit,Other liabilities
1989:Q3,White,18461335,21048923,5993921,1643424,2011229,2980135,916532,2622251,4881430,2587588,1831010,620287,136291
1989:Q3,Black,827243,1010669,338491,110870,17098,316289,54239,38230,135452,183426,103500,78235,1691
1989:Q3,Hispanic,423193,624978,263047,67259,14711,94830,20965,56152,108014,201786,140736,46590,14460
1989:Q3,Other,728220,908194,297710,74627,47406,91075,22286,252989,122102,179974,135909,39095,4970
1989:Q4,White,18766644,21407145,6073319,1659046,2067180,3049573,950824,2634896,4972307,2640501,1866108,638342,136051
1989:Q4,Black,847517,1040154,341535,117355,18420,324869,58214,42912,136850,192637,108716,81758,2163
1989:Q4,Hispanic,438622,647367,270990,69455,15320,97777,22121,61374,110330,208745,146090,48893,13762
1989:Q4,Other,765199,950859,308473,79727,51184,94848,25076,257644,133907,185660,139668,40293,5699
1990:Q1,White,18770031,21459369,6081571,1690553,1950606,3108351,958670,2641737,5027881,2689338,1923567,625411,140360
1990:Q1,Black,862631,1058811,342456,119715,18661,332277,59345,47459,138898,196179,115608,77817,2754
1990:Q1,Hispanic,446059,660853,273432,73038,14857,99784,22495,66255,110992,214794,151844,49841,13109
1990:Q1,Other,789269,979345,315525,83677,49387,97530,26831,260944,145451,190076,144380,39251,6445
1990:Q2,White,18991876,21735420,6141124,1703861,2017721,3172627,983486,2658360,5058241,2743544,1972737,630372,140435
1990:Q2,Black,881713,1083616,342786,125990,20131,340464,62610,52439,139197,201904,120356,78353,3195
1990:Q2,Hispanic,454842,672867,276774,74236,15339,101359,23280,71213,110665,218024,155004,50815,12205
1990:Q2,Other,821657,1015797,324479,88299,53247,100158,29290,263537,156787,194140,147820,39173,7147
1990:Q3,White,18840779,21629345,6200862,1724295,1684657,3229355,969194,2678741,5142241,2788565,2013920,640925,133720
1990:Q3,Black,890183,1099022,348497,124708,18942,347867,61148,57652,140208,208839,125401,80104,3334
1990:Q3,Hispanic,460797,681396,280532,76410,13429,102134,22734,76041,110116,220599,157686,51950,10963
1990:Q3,Other,836631,1033982,332835,90741,43965,101884,29990,265262,169305,197350,150260,39323,7767
1990:Q4,White,19239230,22074097,6184509,1741909,1884439,3290058,1007494,2685959,5279729,2834867,2046337,650493,138037
1990:Q4,Black,906205,1122966,349257,125851,21409,355867,65786,62505,142291,216760,131348,81418,3994
1990:Q4,Hispanic,464279,687944,279699,77715,14527,102498,23507,80199,109799,223665,160421,53176,10068
1990:Q4,Other,862773,1062283,332931,93567,51836,103478,32847,265568,182056,199510,151705,39305,8500
1991:Q1,White,19663350,22517794,6190657,1760202,2183732,3351122,1055599,2668374,5308108,2854444,2078648,634808,140988
1991:Q1,Black,930290,1148282,347361,131881,24561,364030,71542,66587,142321,217992,136676,76792,4524
1991:Q1,Hispanic,464334,688353,275922,78251,16072,102377,24365,83318,108048,224019,161813,53135,9071
1991:Q1,Other,890825,1090048,333463,97450,63049,104718,36039,264133,191196,199223,152555,37472,9196
1991:Q2,White,19706751,22613758,6238748,1771977,2167741,3416061,1075500,2664694,5279037,2907007,2131805,635441,139761
1991:Q2,Black,947770,1171063,351420,133534,25654,372768,74221,71301,142165,223292,142131,76243,4918
1991:Q2,Hispanic,462666,686083,274830,78261,15765,101917,24423,86550,104337,223417,162447,53071,7899
1991:Q2,Other,908499,1109109,337812,99926,63656,105856,37997,262440,201422,200610,154268,36551,9791
1991:Q3,White,19989342,22938821,6297739,1791421,2315039,3480528,1114409,2651413,5288272,2949478,2162369,638304,148805
1991:Q3,Black,973092,1196865,357542,131767,27867,381560,79148,75815,143166,223773,141370,76642,5761
1991:Q3,Hispanic,467300,683705,272373,78965,16276,101022,24851,89192,101026,216405,157276,52031,7098
1991:Q3,Other,934642,1134118,342736,101322,69571,106620,40665,259735,213469,199475,153488,35523,10464
1991:Q4,White,20526918,23549968,6356321,1802567,2723517,3546538,1162131,2624375,5334519,3023051,2213429,650016,159606
1991:Q4,Black,997298,1227952,361475,133222,31780,390638,85216,79991,145631,230655,145111,78868,6676
1991:Q4,Hispanic,466549,679834,268742,78309,18048,99794,25404,91142,98395,213285,155285,51650,6350
1991:Q4,Other,963077,1163315,344048,103349,84018,107164,43607,255985,225145,200239,154055,35047,11137
1992:Q1,White,20504111,23559618,6422603,1811547,2670728,3637094,1165967,2607249,5244430,3055507,2261958,635957,157592
1992:Q1,Black,1025855,1252178,364366,137760,32782,402726,86132,84694,143718,226322,143860,75449,7013
1992:Q1,Hispanic,462107,665324,262534,76925,17331,98951,24729,93092,91762,203217,148812,49277,5128
1992:Q1,Other,976077,1174059,345044,105972,82844,109004,44599,252071,234525,197982,153646,32669,11667
1992:Q2,White,20576104,23681567,6477409,1826946,2676318,3722345,1189263,2598030,5191256,3105463,2303038,637832,164593
1992:Q2,Black,1054909,1281528,367944,142037,34197,413816,89468,89864,144202,226618,143153,75692,7773
1992:Q2,Hispanic,462703,657063,256377,75912,16870,100616,24509,94978,87801,194360,142554,47548,4258
1992:Q2,Other,996913,1192914,346323,108326,83457,117757,46327,247974,242749,196001,152498,31260,12243
1992:Q3,White,20903788,24070738,6580996,1848698,2801442,3807620,1227427,2604619,5199936,3166950,2354466,647240,165244
1992:Q3,Black,1074491,1308476,372928,138532,36407,424975,94619,95793,145222,233986,148525,77185,8276
1992:Q3,Hispanic,467497,658386,257942,75880,16940,101859,24553,96996,84217,190890,140682,47019,3189
1992:Q3,Other,1026114,1221514,352121,108615,87787,126026,48542,243973,254450,195400,152206,30489,12705
1992:Q4,White,21470965,24700177,6669674,1872627,3155371,3887055,1270663,2614399,5230388,3229212,2395319,665869,168024
1992:Q4,Black,1086679,1326468,380145,136672,38698,434831,96593,91723,147805,239788,152593,79237,7958
1992:Q4,Hispanic,470778,661033,254015,75967,18312,106221,29476,90461,86581,190255,139817,47407,3031
1992:Q4,Other,1045025,1242346,348368,108202,99963,144111,51815,233694,256193,197321,153174,32256,11891
1993:Q1,White,21764868,25011573,6707327,1877659,3281354,3933203,1328366,2669485,5214179,3246705,2414202,654538,177965
1993:Q1,Black,1107632,1342377,377203,145359,39574,440732,100165,89072,150272,234746,152553,74207,7986
1993:Q1,Hispanic,466391,651647,244498,73469,18534,109197,34180,84971,86798,185257,135718,46423,3116
1993:Q1,Other,1054826,1250305,341077,110128,104472,159482,55412,224343,255391,195479,152231,32094,11154
1993:Q2,White,22024792,25330524,6805885,1909925,3343620,3980579,1360907,2722539,5207069,3305732,2461245,664780,179707
1993:Q2,Black,1115199,1355138,385093,143354,40056,446717,100731,86136,153052,239940,158310,73998,7632
1993:Q2,Hispanic,471175,656210,246737,73820,18426,111814,37903,79395,88115,185035,135518,46599,2918
1993:Q2,Other,1062902,1259778,342372,109347,106760,174333,57854,214657,254455,196875,153274,33284,10317
1993:Q3,White,22421171,25799873,6912361,1943709,3512887,4030787,1401928,2787731,5210470,3378701,2502821,684512,191368
1993:Q3,Black,1118627,1367789,393780,139941,41181,452925,102307,83422,154233,249162,165592,75821,7749
1993:Q3,Hispanic,470267,656748,244600,74200,18741,114193,41463,74141,89409,186481,136131,47306,3044
1993:Q3,Other,1075129,1273735,345279,108217,112146,188823,60503,205121,253646,198606,153989,35029,9588
1993:Q4,White,22846108,26306337,7021528,1977957,3682050,4077540,1426385,2844840,5276037,3460229,2540878,719307,200044
1993:Q4,Black,1119603,1378672,398448,141918,42287,458552,101784,80184,155500,259069,169865,81489,7715
1993:Q4,Hispanic,468659,654295,241418,74082,19019,116282,44312,68800,90382,185636,134696,47874,3066
1993:Q4,Other,1084860,1285437,345349,108291,117332,202710,62385,195319,254052,200578,154237,37499,8842
1994:Q1,White,22972832,26464753,7106362,1996777,3530058,4126723,1438750,2919073,5347011,3491921,2568049,719519,204353
1994:Q1,Black,1124724,1385249,397597,147524,41425,464240,99802,77354,157308,260525,174393,78592,7540
1994:Q1,Hispanic,461296,645578,234832,72638,18022,118336,46685,64001,91064,184282,133552,47767,2963
1994:Q1,Other,1089945,1290046,343579,109219,112995,216457,63774,185977,258045,200101,153961,37998,8142
1994:Q2,White,23145710,26713339,7206717,2028985,3448732,4174089,1467599,3002888,5384329,3567629,2610363,747830,209436
1994:Q2,Black,1126848,1394950,403140,148840,40965,469426,99589,74668,158322,268102,178020,82633,7449
1994:Q2,Hispanic,462319,645403,234889,72489,17370,120390,49206,59605,91454,183084,132124,48065,2895
1994:Q2,Other,1098591,1300745,345718,109300,110941,230004,65717,176983,262083,202154,154609,40052,7493
1994:Q3,White,23491535,27136326,7304513,2068121,3518598,4225042,1515032,3070004,5435016,3644791,2652480,781104,211207
1994:Q3,Black,1128407,1405445,409544,146453,41396,474690,101516,71127,160719,277038,182136,87765,7137
1994:Q3,Hispanic,463079,645890,232330,73161,17351,122703,52057,55078,93210,182811,131414,48657,2740
1994:Q3,Other,1110620,1315357,347253,108780,113422,243821,68388,167774,265919,204737,155515,42426,6796
1994:Q4,White,23697243,27444945,7367641,2096751,3471329,4270036,1505305,3136003,5597880,3747702,2694094,829304,224304
1994:Q4,Black,1117246,1406478,415272,145299,41079,478842,96746,67320,161920,289232,185102,96632,7498
1994:Q4,Hispanic,466566,649653,234537,73305,16966,125242,53775,50786,95042,183087,130612,49552,2923
1994:Q4,Other,1115288,1323884,344347,108781,112796,257662,69087,158787,272424,208596,156635,45680,6281
1995:Q1,White,24182501,27957845,7418916,2130473,3690914,4327812,1572195,3190579,5626955,3775344,2717736,833606,224002
1995:Q1,Black,1126638,1415628,415152,146708,42340,484024,100712,62839,163853,288990,187349,94461,7180
1995:Q1,Hispanic,475292,658064,236473,73890,17630,128553,57163,46517,97838,182772,130152,49873,2747
1995:Q1,Other,1134950,1344420,344662,109625,119950,272679,72674,149805,275025,209470,157198,46607,5665
1995:Q2,White,24736224,28583729,7501033,2160650,3926864,4415118,1646415,3248707,5684942,3847505,2754001,864177,229327
1995:Q2,Black,1125481,1424193,421459,139362,43634,489317,105515,58277,166629,298713,193059,98373,7281
1995:Q2,Hispanic,479072,665777,237371,75284,18437,129652,60980,42576,101478,186705,132541,51410,2754
1995:Q2,Other,1140473,1354058,348445,109036,127873,267957,76797,141199,282750,213584,159236,49167,5181
1995:Q3,White,25154456,29094987,7414943,2184857,4226539,4497424,1730831,3323240,5717153,3940530,2796501,900481,243548
1995:Q3,Black,1113008,1421488,417054,134139,45227,493359,111123,54177,166409,308480,196827,103822,7831
1995:Q3,Hispanic,486032,677043,239836,76709,19587,131573,65334,39222,104782,191011,134915,53072,3024
1995:Q3,Other,1135806,1354915,341304,109319,138023,263992,81486,133293,287498,219109,162095,52224,4790
1995:Q4,White,25825219,29844264,7477688,2208775,4547801,4592382,1801602,3360285,5855732,4019045,2822549,950641,245855
1995:Q4,Black,1120415,1437990,423194,134737,52399,486767,113854,55527,171511,317575,200682,108953,7940
1995:Q4,Hispanic,502353,694404,240943,77173,23666,135342,66461,41848,108971,192051,133993,54687,3371
1995:Q4,Other,1122164,1345951,347423,108621,141888,251869,84652,138870,272628,223788,163283,53879,6626
1996:Q1,White,26318719,30398364,7571719,2237566,4712726,4681906,1869648,3381585,5943214,4079645,2868970,951309,259366
1996:Q1,Black,1130253,1446901,423230,137725,58413,479030,116211,56175,176117,316648,207556,101949,7143
1996:Q1,Hispanic,519122,714823,242619,78295,27364,140018,67853,44459,114215,195701,135911,55921,3869
1996:Q1,Other,1111308,1338609,353094,108857,142089,240201,88187,144605,261575,227300,166422,53027,7851
1996:Q2,White,26759587,30922252,7663561,2256830,4898962,4770067,1914590,3412643,6005599,4162666,2915125,982343,265198
1996:Q2,Black,1130598,1451071,429205,134188,64331,470786,115918,57161,179481,320473,210622,102611,7240
1996:Q2,Hispanic,540062,738741,246091,79804,31353,145589,69075,47613,119216,198680,136646,57609,4425
1996:Q2,Other,1102886,1336489,361951,107994,143418,228874,91339,151093,251821,233603,169815,54015,9773
1996:Q3,White,27020733,31264359,7747348,2282062,4908475,4856140,1968860,3439551,6061923,4243626,2963833,1012219,267574
1996:Q3,Black,1132133,1455537,432004,133316,68937,462111,116610,57944,184614,323404,213619,102981,6804
1996:Q3,Hispanic,569451,771994,256283,81865,34886,151942,70646,50992,125380,202543,138109,59564,4870
1996:Q3,Other,1097653,1338080,372458,107933,140208,217577,95175,157917,246813,240427,173800,55083,11544
1996:Q4,White,27642588,31966383,7819175,2298626,5139222,4926394,2113641,3503722,6165603,4323795,3003773,1049988,270034
1996:Q4,Black,1143212,1470963,429057,136923,74749,451589,127160,60130,191355,327751,216899,105015,5837
1996:Q4,Hispanic,599527,807053,264559,83361,39536,158692,73647,55512,131747,207526,140273,62149,5104
1996:Q4,Other,1095925,1343320,376314,109020,143494,205345,102248,166050,240849,247394,177686,56726,12982
1997:Q1,White,27834873,32189647,7881951,2322704,5187592,5013566,2133879,3581499,6068456,4354774,3034259,1038706,281809
1997:Q1,Black,1148878,1468642,425065,138849,79239,443104,124180,62777,195428,319764,217206,96434,6124
1997:Q1,Hispanic,630915,841366,271784,85660,43663,166366,74784,60637,138473,210451,140950,63404,6097
1997:Q1,Other,1095935,1347789,384788,109832,141799,193684,105564,174821,237301,251854,181034,55631,15189
1997:Q2,White,29076231,33507131,7987460,2335691,5977194,5114082,2338191,3636925,6117588,4430900,3076353,1060553,293994
1997:Q2,Black,1173561,1494685,429280,134321,88453,436356,141708,64551,200015,321124,219752,95240,6132
1997:Q2,Hispanic,671499,887513,282432,87917,51347,174779,79612,65506,145921,216014,143189,65791,7034
1997:Q2,Other,1116891,1375877,395997,109036,161513,182308,115733,183210,228079,258987,185293,56455,17239
1997:Q3,White,29971041,34499601,8081626,2358865,6441361,5209436,2502835,3703018,6202460,4528560,3145064,1085161,298335
1997:Q3,Black,1187437,1512604,430891,131769,95513,429374,154779,66718,203560,325167,225354,94692,5121
1997:Q3,Hispanic,711506,934545,294130,90752,57927,183410,83639,70830,153858,223039,147574,68498,6967
1997:Q3,Other,1124999,1392248,406672,108609,172076,170094,124625,191948,218225,267250,191289,57453,18508
1997:Q4,White,30461786,35070766,8185856,2377847,6571668,5289292,2504755,3815794,6325555,4608980,3180651,1118453,309876
1997:Q4,Black,1191251,1516918,428520,137481,100438,421129,149993,70582,208775,325667,223979,96337,5351
1997:Q4,Hispanic,748391,974371,303390,92567,63173,191866,84050,77443,161882,225981,147032,70592,8357
1997:Q4,Other,1120008,1394449,412522,110066,172844,156331,127638,201876,213171,274441,194697,58782,20962
1998:Q1,White,31959563,36615677,8329188,2399101,7491600,5413766,2720765,3849440,6411817,4656115,3230111,1106342,319662
1998:Q1,Black,1230551,1549353,430813,136361,110504,418480,168948,71648,212598,318801,224899,88716,5186
1998:Q1,Hispanic,795588,1024089,315255,95046,72435,201306,88964,82211,168872,228501,147637,71561,9303
1998:Q1,Other,1143959,1423205,424414,109553,196727,144498,138446,209507,200060,279246,198797,57423,23026
1998:Q2,White,32592484,37355563,8533361,2423537,7643430,5513343,2753770,3925702,6562420,4763080,3293096,1143148,326836
1998:Q2,Black,1237984,1565223,437774,137480,115807,415799,168057,74323,215982,327239,231352,91085,4802
1998:Q2,Hispanic,833369,1069353,327368,97385,78058,213082,89772,88020,175667,235984,151535,74612,9837
1998:Q2,Other,1153189,1440630,439541,109305,197598,148024,142517,217921,185724,287441,203719,58898,24824
1998:Q3,White,31991377,36845624,8725101,2458640,6775300,5591194,2578944,3968623,6747822,4854247,3356487,1171879,325881
1998:Q3,Black,1210011,1543428,443057,130477,114453,411618,144484,75948,223391,333417,237246,92034,4137
1998:Q3,Hispanic,871903,1113822,350542,101062,78135,224051,85235,92882,181915,241919,154371,77084,10464
1998:Q3,Other,1122670,1417225,450556,106551,167623,149850,138882,224907,178856,294555,208052,59721,26782
1998:Q4,White,33873562,38837510,8925806,2482850,8005126,5688475,2890840,3996437,6847976,4963948,3431840,1198589,333519
1998:Q4,Black,1256554,1606368,449055,141685,116999,425056,176964,72423,224186,349814,245026,99968,4820
1998:Q4,Hispanic,889571,1142632,361568,101961,84123,228158,95234,90554,181034,253062,162714,80118,10230
1998:Q4,Other,1192441,1489302,456380,107267,205327,159544,147917,225573,187294,296861,209009,62597,25255
1999:Q1,White,34180679,39210972,9103015,2509182,8038161,5763754,2963978,3959523,6873359,5030293,3496373,1194747,339173
1999:Q1,Black,1261959,1621995,458425,143314,112117,437025,183443,66866,220805,360036,252578,102009,5449
1999:Q1,Hispanic,887166,1148710,368502,103686,83530,231096,99445,86256,176196,261545,170074,82095,9376
1999:Q1,Other,1198398,1493928,459396,105088,206828,167486,148262,223856,183013,295530,208612,63547,23371
1999:Q2,White,35194160,40344845,9353301,2542858,8693202,5847563,3097761,4053284,6756877,5150686,3573574,1212443,364669
1999:Q2,Black,1290062,1668449,469456,152276,111915,450911,196851,66104,220936,378388,262743,108686,6959
1999:Q2,Hispanic,886669,1159638,373693,105051,86344,233713,104988,85254,170595,272969,178768,84783,9418
1999:Q2,Other,1237301,1533321,467034,104661,226190,175556,150806,225358,183716,296021,208607,65669,21745
1999:Q3,White,35116098,40391446,9611538,2584876,8251308,5908208,3011575,4223570,6800371,5275347,3670626,1238768,365953
1999:Q3,Black,1284966,1683496,482835,155723,104758,463138,187014,68201,221828,398530,273610,117656,7264
1999:Q3,Hispanic,884260,1167413,384812,107466,82887,235351,104803,86260,165834,283153,187586,87299,8268
1999:Q3,Other,1232697,1529881,473986,102638,212790,181946,144924,228830,184767,297184,209437,68172,19575
1999:Q4,White,37397725,42819740,9832898,2616035,9837221,6020755,3288722,4277931,6946179,5422015,3747947,1266656,407412
1999:Q4,Black,1357424,1772256,494613,164768,111563,482109,216739,66374,236091,414832,277349,128001,9482
1999:Q4,Hispanic,907158,1194857,394292,108401,91034,238001,113934,84094,165101,287699,190567,88390,8742
1999:Q4,Other,1310088,1606990,474203,101890,258461,191156,152968,228848,199464,296901,208400,70574,17927
2000:Q1,White,38391532,43910227,10187336,2663708,10348339,6104728,3406486,4251334,6948296,5518695,3810906,1262661,445128
2000:Q1,Black,1397240,1818980,507801,172596,111444,498740,229720,61795,236884,421741,278138,132076,11527
2000:Q1,Hispanic,916813,1204857,402309,110709,93077,239783,118801,79692,160486,288044,190888,87973,9183
2000:Q1,Other,1352826,1646560,493152,100905,272315,198569,154969,226483,200167,293734,206280,71056,16398
2000:Q2,White,38370943,43997580,10592333,2709786,9857780,6170129,3366995,4407548,6893010,5626637,3905385,1294021,427231
2000:Q2,Black,1413507,1856760,528926,181852,105007,514058,226077,63779,237061,443253,288198,143948,11107
2000:Q2,Hispanic,913068,1208458,410613,112783,89480,241054,119581,80362,154585,295390,197902,89967,7521
2000:Q2,Other,1354612,1649285,507707,100288,257129,204934,151142,229627,198458,294674,206611,73834,14229
2000:Q3,White,38886081,44656123,10952824,2750377,9762604,6245453,3404450,4590682,6949732,5770041,4000486,1337952,431603
2000:Q3,Black,1435268,1904537,550189,184605,101321,531246,231130,66816,239229,469269,298135,159527,11607
2000:Q3,Hispanic,914081,1217570,418261,115151,88175,242660,122430,81870,149023,303489,204679,92144,6666
2000:Q3,Other,1370417,1667115,520069,98042,253752,212043,150522,233910,198777,296698,207146,77449,12103
2000:Q4,White,38358984,44220528,11307656,2789265,8594048,6298571,3266856,4674361,7289771,5861544,4076892,1387596,397056
2000:Q4,Black,1433228,1930192,568074,197473,90377,546503,217289,66391,244086,496965,309316,176975,10674
2000:Q4,Hispanic,899309,1211059,423332,116538,80448,243892,120627,80742,145480,311749,212132,95087,4530
2000:Q4,Other,1354526,1653351,535034,98480,220320,218242,143559,235691,202025,298825,206887,81609,10329
2001:Q1,White,38176778,44072177,11932026,2823582,7658311,6371835,3036132,4716023,7534269,5895399,4145037,1387174,363188
2001:Q1,Black,1445579,1956958,600446,206871,80858,564690,193765,64499,245829,511380,319285,182827,9268
2001:Q1,Hispanic,897004,1214883,437405,118105,73884,245971,116550,78581,144387,317879,218784,96727,2368
2001:Q1,Other,1362782,1659889,567858,98191,194408,226117,133503,236806,203006,297107,206519,82997,7591
2001:Q2,White,39345476,45379676,12280783,2849931,8274931,6460408,3147005,4828908,7537710,6034200,4262877,1405157,366166
2001:Q2,Black,1492485,2036269,624822,212113,82591,593528,207160,65199,250855,543783,341795,192274,9714
2001:Q2,Hispanic,887886,1225612,441578,119695,77420,246431,121573,78580,140335,337726,235115,100959,1652
2001:Q2,Other,1406239,1707789,578180,97056,212863,236672,136906,240861,205252,301550,210231,85859,5460
2001:Q3,White,38379268,44618445,12626814,2878759,6905618,6526019,2905344,4904816,7871074,6239177,4386521,1419915,432741
2001:Q3,Black,1489047,2058418,646105,214897,69974,620256,182857,64582,259747,569371,352564,203371,13436
2001:Q3,Hispanic,862277,1211464,442872,122024,67979,246792,117344,77738,136716,349187,243726,102305,3156
2001:Q3,Other,1382201,1690343,587507,95680,176085,246909,127360,244739,212063,308142,214741,88760,4641
2001:Q4,White,39778754,46071509,12901986,2915711,7800170,6627671,3043475,4861279,7921217,6292755,4449161,1475932,367662
2001:Q4,Black,1559407,2157748,680691,219454,80514,643688,203255,68255,261891,598341,373383,215196,9762
2001:Q4,Hispanic,881107,1254502,463014,129219,75496,249589,118556,77861,140767,373394,263278,109160,956
2001:Q4,Other,1413013,1734080,604761,99916,199531,247496,131209,236712,214454,321067,225963,91540,3564
2002:Q1,White,40278869,46675783,13206011,2936047,7851048,6698100,3137239,4901103,7946235,6396914,4563294,1469093,364527
2002:Q1,Black,1642864,2241398,708670,222544,85020,663504,218775,75103,267782,598534,374422,214910,9202
2002:Q1,Hispanic,916077,1295839,486328,135607,77465,252028,118520,80565,145325,379761,270017,108880,864
2002:Q1,Other,1427005,1762451,626812,104096,199865,247287,133862,232089,218440,335445,241077,90634,3734
2002:Q2,White,39686140,46215308,13480749,2963972,7097957,6758490,2939881,4966086,8008173,6529168,4700551,1493049,335568
2002:Q2,Black,1676609,2288389,736861,226951,83306,682060,202641,83008,273562,611780,382535,221796,7449
2002:Q2,Hispanic,935831,1329728,514858,142831,73948,254521,110669,84195,148707,393898,282681,110743,474
2002:Q2,Other,1402255,1756990,650161,109235,177506,247407,125552,229010,218118,354735,259273,92056,3406
2002:Q3,White,38591131,45267469,13756009,3001836,5787155,6818839,2722411,5053912,8127307,6676338,4838197,1515956,322185
2002:Q3,Black,1693479,2325937,770667,223793,76255,700400,184353,91878,278591,632458,399206,226837,6415
2002:Q3,Hispanic,949106,1366693,546669,151933,65881,257201,102170,88681,154158,417587,302274,114856,457
2002:Q3,Other,1363773,1740884,675664,113222,139136,248379,116554,227368,220561,377111,279483,93959,3669
2002:Q4,White,39340180,46180615,14029594,3028434,6127555,6905031,2842016,4917975,8330010,6840435,4978241,1547038,315156
2002:Q4,Black,1753077,2407654,804256,219842,83444,721620,203097,92306,283089,654577,414683,234171,5723
2002:Q4,Hispanic,975567,1416586,576273,160412,70291,260715,103453,86434,159008,441019,321720,118997,302
2002:Q4,Other,1386012,1788354,705677,117495,148298,251776,121703,218555,224851,402342,301669,96802,3871
2003:Q1,White,39417825,46382931,14313452,3037281,5798968,6953060,2858565,5022360,8399245,6965107,5096373,1538887,329847
2003:Q1,Black,1814925,2479064,833049,221703,84645,737426,210221,101870,290150,664139,427206,230912,6021
2003:Q1,Hispanic,1001644,1463248,604928,166905,69474,262984,101556,91571,165830,461605,339388,121862,355
2003:Q1,Other,1402823,1829135,739843,123694,138041,253548,122993,218421,232595,426311,324274,97461,4576
2003:Q2,White,41042672,48297901,14616569,3059897,6855361,7021418,3118189,5147918,8478548,7255229,5282965,1560377,411887
2003:Q2,Black,1902128,2594063,864662,221148,98809,755024,244491,112247,297683,691936,447221,235059,9656
2003:Q2,Hispanic,1038818,1531785,636681,174847,79596,265655,106608,97448,170950,492967,363885,125981,3101
2003:Q2,Other,1473243,1934039,778027,130166,170121,257321,135396,219549,243459,460796,354308,100513,5975
2003:Q3,White,41775066,49210091,14915976,3094171,7247618,7079330,3188171,5249706,8435119,7435025,5465591,1586180,383254
2003:Q3,Black,1966935,2673979,898376,216110,106929,770269,257414,121647,303233,707044,457732,241445,7867
2003:Q3,Hispanic,1082339,1593777,674788,184222,84432,267638,106012,102590,174095,511438,381484,127997,1957
2003:Q3,Other,1523838,2020199,822739,136339,183158,261026,140185,220212,256540,496362,386126,104053,6183
2003:Q4,White,43380683,50982840,15227065,3127007,8130498,7149184,3432009,5319394,8597683,7602157,5601166,1615197,385794
2003:Q4,Black,2050668,2777154,930365,213607,119378,785815,290162,129670,308157,726486,473523,246600,6363
2003:Q4,Hispanic,1125679,1662811,711024,193035,92819,269525,110324,106624,179459,537132,403175,132583,1374
2003:Q4,Other,1603946,2138110,874250,143952,213902,266137,153709,219889,266270,534164,417749,108551,7864
2004:Q1,White,45496097,53218865,15755969,3167046,8557184,7285673,3497898,5474189,9480907,7722769,5720571,1608900,393298
2004:Q1,Black,2154983,2884145,969617,215278,127752,808518,302103,140782,320095,729163,480144,242915,6104
2004:Q1,Hispanic,1189554,1743004,758675,201730,97613,273039,109234,113318,189394,553450,417660,134043,1747
2004:Q1,Other,1713672,2283163,949731,153712,230899,276847,159671,223248,289055,569491,450314,110613,8564
2004:Q2,White,46086916,54033068,16203805,3213499,8503327,7426739,3539799,5784296,9361603,7946152,5917092,1620753,408307
2004:Q2,Black,2210239,2953499,1008644,208180,131922,813565,310345,157613,323230,743260,493511,243461,6288
2004:Q2,Hispanic,1244371,1820906,810210,211535,98688,276187,106990,125012,192284,576535,438117,135959,2459
2004:Q2,Other,1792892,2409299,1022939,161899,231159,293280,164909,233742,301371,616408,492553,114365,9490
2004:Q3,White,47034460,55158389,16761296,3230314,8443090,7572660,3555722,6095792,9499516,8123929,6079765,1656038,388126
2004:Q3,Black,2254692,3015044,1041053,207648,135885,817209,315106,174052,324091,760352,506273,249009,5070
2004:Q3,Hispanic,1303574,1902484,871358,217325,99452,278673,103789,136530,195357,598911,457772,139305,1834
2004:Q3,Other,1877471,2543356,1099370,172573,230823,311453,169212,245173,314752,665885,535682,120523,9680
2004:Q4,White,48862288,57218898,17262319,3279706,9155774,7715707,3808419,6187671,9809302,8356611,6242714,1692452,421445
2004:Q4,Black,2330510,3127579,1094429,213277,137442,827462,338719,174097,342153,797069,537772,252806,6491
2004:Q4,Hispanic,1362396,1997168,915391,222014,108403,281516,115234,152222,202389,634773,486354,144304,4115
2004:Q4,Other,2078448,2793204,1195393,183221,263965,338033,187023,276508,349061,714756,573738,130557,10461
2005:Q1,White,49497078,57933840,17735903,3314995,9175258,7801008,3804701,6300532,9801443,8436762,6352795,1676474,407493
2005:Q1,Black,2343298,3169767,1136397,220494,132758,828417,331690,174593,345418,826469,580721,240008,5740
2005:Q1,Hispanic,1406988,2086539,974609,224580,112167,281573,118783,168174,206652,679551,524100,151188,4263
2005:Q1,Other,2227889,2986728,1287127,195070,269884,361316,191311,311308,370711,758839,610945,137304,10590
2005:Q2,White,50687024,59323103,18239350,3349227,9438547,7898311,3915914,6531169,9950584,8636079,6528151,1692848,415080
2005:Q2,Black,2379209,3236554,1176641,233460,129621,829508,337440,179245,350639,857345,614511,237386,5448
2005:Q2,Hispanic,1470403,2185707,1037554,225837,117544,281399,125565,187589,210219,715304,554706,155410,5188
2005:Q2,Other,2404158,3217566,1380750,209836,286467,387085,202446,354723,396259,813409,655391,146746,11272
2005:Q3,White,51963706,60812748,18796229,3376242,9937666,7990968,4060629,6800989,9850025,8849042,6707192,1722668,419182
2005:Q3,Black,2412469,3303094,1225460,233738,127827,829029,346112,185070,355859,890625,647576,237931,5118
2005:Q3,Hispanic,1539746,2290391,1103958,227519,124465,280590,133001,207818,213040,750645,584764,159850,6031
2005:Q3,Other,2606118,3478181,1486387,220416,314781,413674,215968,403166,423789,872064,702350,157936,11778
2005:Q4,White,53021822,62045402,19270575,3409912,10067751,8084916,4189773,6924534,10097941,9023579,6867688,1749889,406002
2005:Q4,Black,2437419,3354981,1267244,235125,123107,828179,352846,185293,363187,917563,675827,237998,3738
2005:Q4,Hispanic,1598539,2378672,1160205,229416,128716,279516,139917,222749,218154,780133,610654,163437,6042
2005:Q4,Other,2791325,3721389,1593641,231817,326038,441473,228942,446129,453350,930064,748699,169231,12134
2006:Q1,White,54624886,63883677,19272051,3437404,11398570,8186936,4312366,6959276,10317074,9258791,7065073,1759100,434618
2006:Q1,Black,2440752,3383572,1277384,246395,126130,828242,358718,182288,364416,942821,704358,234002,4461
2006:Q1,Hispanic,1621108,2431846,1179135,229464,141069,278576,146566,234424,222612,810738,637077,165640,8021
2006:Q1,Other,2983286,3975751,1646064,247548,400094,471057,241728,485754,483507,992466,800430,178843,13193
2006:Q2,White,54649777,64119036,19512668,3470796,11065606,8275476,4303531,7121688,10369272,9469259,7252750,1763163,453346
2006:Q2,Black,2427556,3399220,1303171,247892,118093,827015,350144,184031,368873,971663,738270,228621,4772
2006:Q2,Hispanic,1640412,2487425,1212251,231238,142255,277197,149134,250111,225239,847013,668080,169342,9591
2006:Q2,Other,3104812,4160422,1726405,259305,387440,499919,245468,534625,507261,1055610,852991,188485,14134
2006:Q3,White,55450026,65106232,19664278,3505923,11425182,8375862,4424224,7260857,10449906,9656206,7387799,1800782,467625
2006:Q3,Black,2425427,3429801,1324585,248461,114493,828087,356184,185118,372874,1004374,766955,232461,4958
2006:Q3,Hispanic,1665201,2545954,1238977,233469,148191,276411,155763,264980,228163,880753,694302,175449,11002
2006:Q3,Other,3279421,4396484,1801883,270425,411639,530659,257880,583603,540395,1117063,899368,202748,14947
2006:Q4,White,56574246,66383092,19662160,3527577,12298197,8482800,4609309,7334501,10468548,9808847,7466890,1828138,513819
2006:Q4,Black,2446603,3472491,1339826,253376,113935,831276,369614,184197,380268,1025888,784644,234510,6734
2006:Q4,Hispanic,1687333,2590927,1248345,234339,157602,276201,164546,277850,232044,903594,710690,178896,14008
2006:Q4,Other,3478954,4647949,1860836,282967,466731,562584,274917,629331,570583,1168995,937119,215172,16704
2007:Q1,White,57279594,67182313,19404134,3546796,12878947,8575233,4679566,7302674,10794963,9902720,7588452,1809778,504490
2007:Q1,Black,2453804,3489834,1338714,264805,111601,834554,371256,180038,388865,1036030,802349,227746,5935
2007:Q1,Hispanic,1690842,2613082,1238734,234728,165395,276019,170034,287632,240540,922240,727423,180479,14338
2007:Q1,Other,3621240,4839059,1883717,298302,505891,592927,283213,668186,606823,1217819,979029,222169,16621
2007:Q2,White,57731107,67808226,19268686,3570287,13243620,8678595,4875687,7365775,10805576,10077119,7698904,1830493,547722
2007:Q2,Black,2487503,3551509,1344689,273232,108120,856143,387783,179763,401779,1064006,827045,229256,7705
2007:Q2,Hispanic,1697129,2648421,1235504,236556,172284,278984,180019,301127,243947,951293,750151,184003,17139
2007:Q2,Other,3743241,5013235,1906888,311546,531700,609902,300926,713475,638798,1269995,1019095,233214,17686
2007:Q3,White,58403424,68584299,19061743,3588080,13323379,8769225,4964886,7368357,11508629,10180875,7784620,1877170,519085
2007:Q3,Black,2489838,3590549,1343868,278690,103205,879083,393969,178033,413701,1100711,856549,238197,5965
2007:Q3,Hispanic,1715838,2701455,1247701,239126,178056,282400,187195,313497,253480,985617,776924,191554,17139
2007:Q3,Other,3819363,5140567,1921515,322046,537927,624158,309847,753901,671172,1321203,1054578,248631,17994
2007:Q4,White,57748565,68059940,18821635,3612125,12622986,8847315,4905128,7262741,11988010,10311375,7870165,1906601,534609
2007:Q4,Black,2472535,3576885,1319581,286369,101476,895824,374509,172719,426407,1104349,846675,250309,7365
2007:Q4,Hispanic,1629527,2616218,1174955,243047,169708,288309,184704,299667,255828,986691,775732,193777,17182
2007:Q4,Other,3827537,5190491,1927841,333248,534342,635342,319031,734202,706485,1362954,1084561,258790,19603
2008:Q1,White,56082263,66495222,18293426,3643041,11615970,8909241,4656204,6851146,12526194,10412959,7935598,1890436,586925
2008:Q1,Black,2410059,3508820,1274771,290134,98168,913854,336100,157476,438317,1098761,833940,254048,10773
2008:Q1,Hispanic,1533359,2518822,1103632,249008,159721,294618,176524,276554,258765,985463,771730,194791,18942
2008:Q1,Other,3725497,5119145,1886348,341195,507393,643099,311334,688441,741335,1393648,1108854,262733,22061
2008:Q2,White,55122641,65511129,17867258,3661277,11136416,8987311,4634304,6766610,12457953,10388488,7970559,1895956,521973
2008:Q2,Black,2399262,3471367,1234487,287869,98037,936668,322860,154071,437375,1072105,798392,265556,8157
2008:Q2,Hispanic,1502517,2456192,1051887,255384,153272,302317,176037,265244,252051,953675,747188,191380,15107
2008:Q2,Other,3693501,5105599,1845912,344212,514570,651922,321540,665997,761445,1412097,1123143,267561,21393
2008:Q3,White,53139246,63622759,17442671,3673319,9712038,9047771,4349731,6556372,12840858,10483514,7942165,1899355,641994
2008:Q3,Black,2334824,3416377,1199390,293181,92185,959775,283446,146670,441731,1081553,792053,274290,15210
2008:Q3,Hispanic,1415694,2380120,996757,260900,140418,310079,167390,250159,254417,964426,747685,196414,20327
2008:Q3,Other,3560199,4990100,1802595,350333,453316,657153,308374,632086,786243,1429901,1129939,273754,26208
2008:Q4,White,50522544,60761566,17017842,3652456,7565467,9080634,3846923,6202080,13396164,10239022,7894076,1888792,456154
2008:Q4,Black,2244769,3308033,1168202,296306,81143,981406,222279,134482,424215,1063263,776366,280640,6257
2008:Q4,Hispanic,1340496,2288667,947238,264078,121455,317358,151044,230295,257199,948170,739577,198017,10576
2008:Q4,Other,3363590,4794127,1762343,353407,338763,657254,274244,585115,823001,1430537,1130047,276340,24150
2009:Q1,White,49008003,59151881,16609103,3633206,6715293,9087529,3724275,5865391,13517084,10143878,7893280,1830926,419672
2009:Q1,Black,2207717,3261040,1137270,296729,77829,1001131,201559,123027,423495,1053324,773506,275028,4790
2009:Q1,Hispanic,1267673,2218530,903801,267964,111325,324001,147780,211092,252566,950856,743034,200000,7822
2009:Q1,Other,3237824,4670537,1717139,354157,312816,652321,272406,538489,823209,1432713,1136767,272188,23758
2009:Q2,White,49566094,59701201,16272041,3627226,8119060,9140429,4072382,5433745,13036318,10135107,7892148,1802449,440510
2009:Q2,Black,2251269,3287597,1116382,294622,90227,1027505,227789,108348,422723,1036327,751423,278291,6613
2009:Q2,Hispanic,1269813,2204816,882403,273503,119262,332488,160984,188456,247720,935003,729113,197901,7989
2009:Q2,Other,3304110,4738800,1673959,353163,445476,652920,312533,483342,817406,1434689,1138890,270232,25567
2009:Q3,White,51091753,61214268,16024852,3613999,9550940,9198488,4447329,5330401,13048259,10122515,7857251,1797715,467549
2009:Q3,Black,2304419,3338313,1098457,289068,103029,1054902,257862,105033,429962,1033894,738299,286609,8986
2009:Q3,Hispanic,1279419,2211928,867408,278662,127074,341150,175315,177533,244787,932509,722701,201401,8407
2009:Q3,Other,3454847,4890772,1646689,349538,583782,653125,355833,455267,846537,1435924,1135178,272985,27761
2009:Q4,White,51188163,61321204,15855456,3623873,9791497,9238975,4606933,5186857,13017614,10133041,7851507,1785863,495671
2009:Q4,Black,2352552,3373248,1084164,297955,107742,1079742,266079,100276,437291,1020696,715100,294302,11294
2009:Q4,Hispanic,1289481,2206921,853941,284026,125716,348912,182250,165128,246948,917440,707177,201351,8912
2009:Q4,Other,3503207,4939152,1623706,354280,634555,649483,379241,423931,873955,1435944,1132969,273501,29474
2010:Q1,White,52117814,62219086,15786188,3613078,10319571,9399037,4770098,5297290,13033824,10101271,7794479,1735282,571510
2010:Q1,Black,2431441,3422672,1076210,296970,114502,1119636,273906,104180,437268,991231,680496,292310,18425
2010:Q1,Hispanic,1317283,2207186,839488,288092,126386,360920,189058,161738,241504,889903,680722,197932,11249
2010:Q1,Other,3601001,5025306,1612640,352663,706425,662673,402549,413671,874685,1424306,1119764,267533,37009
2010:Q2,White,51411447,61516500,15740887,3594532,9398103,9531911,4585684,5610176,13055207,10105053,7794757,1719592,590704
2010:Q2,Black,2454619,3421756,1069504,295286,110609,1147942,244291,115025,439099,967136,647738,298759,20639
2010:Q2,Hispanic,1327856,2189143,828452,290764,115746,370616,183276,165393,234896,861288,655959,194288,11041
2010:Q2,Other,3576819,4995979,1595803,350329,666201,675142,391718,419844,896942,1419160,1114401,265814,38945
2010:Q3,White,53088812,63175968,15624221,3587912,10513359,9715484,4908475,5766899,13059617,10087157,7773252,1729247,584658
2010:Q3,Black,2528213,3478219,1051327,291311,121524,1180960,268243,120217,444637,950005,619218,310592,20195
2010:Q3,Hispanic,1390833,2230059,843977,294065,120473,381480,195274,163122,231668,839226,634507,194988,9731
2010:Q3,Other,3751156,5162979,1571065,347077,781526,693946,429764,413075,926527,1411824,1104778,268900,38146
2010:Q4,White,54581003,64660224,15429136,3595225,11436292,9889388,5169226,5850733,13290224,10079221,7641850,1832003,605368
2010:Q4,Black,2586463,3555500,1035701,297288,136050,1216949,298571,126908,444033,969036,612081,336292,20663
2010:Q4,Hispanic,1355306,2181574,790867,291644,127926,377982,197869,166488,228798,826268,618711,197079,10478
2010:Q4,Other,3856050,5260558,1565439,351345,832720,727474,459845,424572,899163,1404509,1085256,281437,37816
2011:Q1,White,55492658,65566977,15157996,3621909,12247569,9964511,5335467,5873218,13366307,10074319,7619152,1824618,630549
2011:Q1,Black,2633554,3596565,1012637,300819,149793,1236791,316797,131211,448517,963011,610326,331867,20818
2011:Q1,Hispanic,1342946,2156973,770548,290640,134130,369358,195816,167191,229290,814027,608078,194317,11632
2011:Q1,Other,3950640,5347198,1548780,354896,873624,744806,479569,430779,914745,1396558,1082570,277507,36481
2011:Q2,White,55900929,65944083,15084894,3648200,12217142,10035456,5365995,5916233,13676163,10043154,7573629,1850405,619120
2011:Q2,Black,2662529,3626805,995599,310809,157283,1253851,320227,136091,452946,964275,611616,333960,18699
2011:Q2,Hispanic,1323814,2125857,758072,288081,133782,359616,188623,168242,229441,802043,599676,191562,10805
2011:Q2,Other,3957938,5344819,1540499,361984,847874,760527,485800,438408,909727,1386881,1075748,277150,33983
2011:Q3,White,54308872,64351786,15015052,3678478,10396382,10066007,5001395,6008334,14186138,10042914,7538233,1890857,613824
2011:Q3,Black,2613364,3582174,985563,304368,150932,1263582,277523,142680,457526,968810,610998,340448,17364
2011:Q3,Hispanic,1279041,2069268,746755,287359,119895,347478,167173,170762,229845,790227,589415,190904,9908
2011:Q3,Other,3797403,5180484,1544065,360424,683558,769393,452947,449903,920195,1383082,1069747,279966,33369
2011:Q4,White,55513120,65547159,14891215,3691392,11069832,10162326,5223955,6133636,14374803,10034039,7495638,1936696,601705
2011:Q4,Black,2650775,3627426,965327,306731,163885,1281219,301472,150484,458308,976651,614272,346615,15764
2011:Q4,Hispanic,1263209,2044191,728780,283341,124509,337520,165720,174255,230066,780983,582342,190090,8551
2011:Q4,Other,3896321,5274797,1540647,363189,710368,787761,477328,464089,931415,1378476,1062686,282825,32965
2012:Q1,White,57191156,67212096,14750324,3713331,12448201,10273875,5573434,6135572,14317359,10020940,7462139,1938543,620258
2012:Q1,Black,2724270,3687882,940702,316271,182351,1300275,341921,153665,452697,963612,605449,342537,15626
2012:Q1,Hispanic,1261596,2020589,712473,279196,134038,327863,168494,173130,225396,758994,564711,185052,9231
2012:Q1,Other,4045160,5411430,1533408,370118,790219,808213,514178,468196,927098,1366270,1055662,278909,31699
2012:Q2,White,57252656,67264522,14904695,3731305,12070866,10334523,5488926,6271211,14462997,10011866,7415597,1980185,616084
2012:Q2,Black,2725505,3691863,937769,311906,187467,1312109,328936,161976,451700,966358,604681,347349,14328
2012:Q2,Hispanic,1250071,1995021,722337,276182,130692,315950,155427,176779,217654,744950,553984,182442,8524
2012:Q2,Other,4054528,5413155,1557200,369572,735088,821024,507923,483463,938885,1358627,1047568,280492,30567
2012:Q3,White,58865842,68878934,15098413,3748392,12804087,10425982,5686629,6471217,14644214,10013092,7362203,2029116,621773
2012:Q3,Black,2770291,3749618,938994,309272,201348,1328608,351286,172951,447160,979327,612864,352959,13504
2012:Q3,Hispanic,1246952,1990162,729140,272936,135338,305321,152191,182777,212459,743209,550875,183962,8372
2012:Q3,Other,4189771,5543449,1593236,370008,764399,838822,529644,504351,942989,1353678,1039688,284417,29573
2012:Q4,White,59617630,69641428,15236708,3773785,12933307,10502403,5741406,6570064,14883756,10023799,7342535,2084955,596309
2012:Q4,Black,2813962,3788573,933759,310503,210927,1343972,356691,180315,452406,974611,599366,364648,10597
2012:Q4,Hispanic,1265220,1977917,734884,270338,135714,294228,143996,185226,213530,712696,529674,176503,6519
2012:Q4,Other,4272032,5622100,1628527,372814,747366,854967,537608,517301,963517,1350068,1035419,286799,27850
2013:Q1,White,61981432,71936273,15562594,3792011,14484811,10787574,6015351,6648029,14645903,9954841,7250241,2088811,615789
2013:Q1,Black,2906381,3901908,937574,316302,231641,1389869,390193,187207,449122,995526,631263,353601,10662
2013:Q1,Hispanic,1257740,1996116,752186,266846,146145,292134,143113,187127,208566,738376,546235,185015,7126
2013:Q1,Other,4543042,5881864,1690221,377931,839093,903449,567285,529053,974832,1338822,1025159,286346,27317
2013:Q2,White,62756144,72735106,15946226,3801324,14696787,11034501,6066258,6959840,14230169,9978962,7215359,2131383,632220
2013:Q2,Black,2984739,3990525,952799,313366,242807,1430602,396504,203781,450667,1005786,636359,358739,10688
2013:Q2,Hispanic,1295092,2025542,785434,263896,147378,292275,134636,197844,204080,730450,540745,182224,7481
2013:Q2,Other,4714671,6051862,1755218,378234,828587,960723,575587,561004,992508,1337191,1022134,287847,27210
2013:Q3,White,64708161,74719690,16336078,3819152,15467704,11297088,6309158,7247188,14243321,10011529,7206219,2185031,620279
2013:Q3,Black,3083197,4107919,965206,307288,258785,1476510,429106,220149,450875,1024722,647386,368626,8710
2013:Q3,Hispanic,1348225,2078887,826488,262810,152736,293722,132818,208171,202142,730662,540614,183472,6576
2013:Q3,Other,4945607,6289051,1825296,377212,861613,1022042,603464,591911,1007513,1343444,1024987,293168,25289
2013:Q4,White,66392991,76517636,16580357,3823656,16387432,11557501,6594099,7390627,14183964,10124645,7176790,2212171,735684
2013:Q4,Black,3209456,4256348,999032,311108,263008,1517349,466476,219636,479739,1046893,647872,383306,15715
2013:Q4,Hispanic,1438126,2188816,837982,266102,175932,317205,157342,206714,227539,750690,545132,192283,13275
2013:Q4,Other,5141930,6503572,1870415,376467,917449,1073839,639033,591604,1034765,1361642,1025249,302708,33685
2014:Q1,White,67764092,77854239,16781691,3814711,17227766,11617518,6651492,7388787,14372273,10090147,7139863,2199438,750846
2014:Q1,Black,3294452,4341816,1023544,318717,267470,1533054,475103,213919,510009,1047364,641087,389443,16834
2014:Q1,Hispanic,1538594,2297617,865860,268244,198849,333226,174354,200601,256484,759024,543782,200298,14944
2014:Q1,Other,5287056,6658272,1909960,377397,968746,1097493,652958,580263,1071455,1371216,1024734,307636,38846
2014:Q2,White,69423627,79532529,17086575,3821892,18128722,11680858,6789614,7636042,14388827,10108903,7123164,2230513,755226
2014:Q2,Black,3399158,4461907,1063342,324783,273104,1551656,495307,218683,535033,1062750,636888,408299,17563
2014:Q2,Hispanic,1660190,2428617,902682,272841,222579,350225,194444,204079,281767,768427,545026,207352,16049
2014:Q2,Other,5453948,6844997,1953723,378029,1026363,1123333,675638,590855,1097056,1391048,1028806,317837,44405
2014:Q3,White,69784419,79827249,17361426,3836350,17801859,11720337,6722324,7882569,14502385,10042830,7114931,2264471,663428
2014:Q3,Black,3472803,4552101,1100004,336996,269611,1568715,488930,223862,563982,1079298,637855,429121,12322
2014:Q3,Hispanic,1758628,2540238,934167,278015,237337,366953,207419,207950,308397,781610,550840,218601,12169
2014:Q3,Other,5518760,6932484,2000106,382168,990268,1147078,678304,602330,1132230,1413724,1035729,330752,47243
2014:Q4,White,70874369,80917750,17518656,3835776,18407024,11772910,6805379,8087428,14490577,10043381,7102634,2292684,648063
2014:Q4,Black,3562085,4661040,1130083,348467,273824,1589051,503502,227722,588390,1098955,639083,448059,11813
2014:Q4,Hispanic,1860978,2657535,959896,281982,259337,384847,226120,210632,334721,796557,556972,227244,12341
2014:Q4,Other,5662249,7099132,2037082,385535,1027670,1174152,696773,611141,1166779,1436883,1042818,341553,52512
2015:Q1,White,72011917,81990641,17728657,3838153,18775533,11812742,6872473,8253616,14709468,9978724,7055782,2271485,651457
2015:Q1,Black,3666344,4770370,1159603,359031,276417,1608360,516061,230283,620616,1104027,638837,452433,12757
2015:Q1,Hispanic,1978059,2790158,996290,286571,279660,402666,244287,212132,368552,812099,561627,236879,13593
2015:Q1,Other,5822029,7271677,2088114,388586,1047852,1200433,714031,617417,1215244,1449648,1044691,346306,58651
2015:Q2,White,72492006,82510916,18037718,3869147,18827635,11840138,6848007,8531642,14556629,10018910,7057742,2301300,659868
2015:Q2,Black,3748139,4881692,1204391,376207,276517,1626081,517145,237584,643767,1133553,648024,471283,14246
2015:Q2,Hispanic,2081620,2918703,1036770,293673,297354,420251,259282,217875,393498,837084,574713,247156,15215
2015:Q2,Other,5925377,7404792,2137675,396058,1044231,1225734,722439,633803,1244852,1479416,1056132,358003,65281
2015:Q3,White,71484040,81530008,18331638,3888146,17337232,11841007,6545723,8692926,14893336,10045968,7064959,2337749,643260
2015:Q3,Black,3767878,4931957,1249830,378821,263178,1639436,480917,240218,679557,1164078,656922,493056,14100
2015:Q3,Hispanic,2155598,3018729,1076729,301020,300890,436794,263367,219374,420555,863131,587611,259942,15578
2015:Q3,Other,5887874,7400169,2196295,395709,920855,1247591,701996,640813,1296909,1512295,1068844,372319,71132
2015:Q4,White,72583086,82591470,18535018,3902309,17982491,11884066,6692755,8728076,14866754,10008383,7089281,2280819,638283
2015:Q4,Black,3879921,5044367,1284206,384195,268205,1658389,504958,237645,706769,1164446,663433,485136,15877
2015:Q4,Hispanic,2268658,3148427,1111050,307337,323061,455077,284576,216164,451161,879769,598606,264486,16677
2015:Q4,Other,6043202,7576731,2250036,396784,964283,1276542,728505,637429,1323152,1533530,1084485,369789,79256
2016:Q1,White,73394831,83361695,18706338,3922489,18239250,11916528,6749334,8665371,15162384,9966864,7064559,2270230,632075
2016:Q1,Black,3972141,5148361,1314974,398790,269701,1674310,516141,230933,743512,1176220,668228,491037,16955
2016:Q1,Hispanic,2368148,3268114,1145397,312972,341305,472586,301857,209220,484777,899966,607573,274555,17838
2016:Q1,Other,6168919,7722943,2294687,402992,977858,1304102,745572,625878,1371854,1554023,1091721,376415,85887
2016:Q2,White,74587583,84592474,19094585,3942778,18736937,11961824,6836462,8883951,15135936,10004890,7071925,2297089,635876
2016:Q2,Black,4086157,5290735,1362024,419105,273173,1695143,531595,235589,774105,1204577,679148,507249,18180
2016:Q2,Hispanic,2466230,3392094,1184980,317483,361413,487015,320108,212356,508739,925864,621750,284468,19646
2016:Q2,Other,6325423,7910322,2354433,412358,1010575,1325473,766121,638531,1402831,1584899,1105035,387987,91877
2016:Q3,White,75798427,85872747,19433964,3963705,19287437,12015918,6993574,9077016,15101133,10074321,7099202,2335541,639578
2016:Q3,Black,4160311,5395489,1401471,414386,276857,1714902,555602,238927,793344,1235177,688356,527426,19395
2016:Q3,Hispanic,2594264,3546179,1247346,324160,381436,500991,340578,214214,537454,951915,634358,296011,21546
2016:Q3,Other,6468215,8090191,2419854,408940,1047619,1347923,794164,649058,1422634,1621977,1121432,402612,97933
2016:Q4,White,76164710,86275113,19691209,3986648,19430505,12078774,7001272,9057738,15028968,10110403,7109272,2378637,622494
2016:Q4,Black,4204507,5458486,1434642,410380,280077,1737781,566576,236128,792902,1253979,695053,542292,16634
2016:Q4,Hispanic,2577390,3539853,1250395,328600,363782,512946,341336,214224,528570,962463,643259,298936,20268
2016:Q4,Other,6671214,8324737,2526630,411101,1126408,1333269,800099,678045,1449184,1653523,1144346,416572,92605
2017:Q1,White,78007487,88139820,19963042,4020412,20498798,12171598,7251920,9035965,15198085,10132333,7122267,2368880,641186
2017:Q1,Black,4311797,5565609,1451402,414191,291132,1762508,612034,232718,801624,1253812,698298,539414,16100
2017:Q1,Hispanic,2604550,3574184,1273919,332626,353505,525190,351674,213685,523585,969634,648910,299828,20896
2017:Q1,Other,7013900,8690965,2630457,417973,1284103,1322294,833141,707171,1495825,1677064,1167053,422302,87709
2017:Q2,White,79489294,89708438,20321734,4040687,21074488,12261462,7413593,9435573,15160900,10219144,7150842,2399639,668663
2017:Q2,Black,4398325,5667918,1480548,409765,297170,1783816,644561,246464,805595,1269594,703377,548440,17777
2017:Q2,Hispanic,2624024,3602691,1301813,335286,336877,536320,357550,228294,506551,978667,655905,300629,22133
2017:Q2,Other,7324408,9036427,2735040,420331,1405514,1309674,856515,775062,1534292,1712019,1192436,434001,85582
2017:Q3,White,80753897,91056463,20664735,4056884,21715441,12354936,7614190,9486458,15163819,10302566,7188716,2438098,675752
2017:Q3,Black,4460706,5746472,1503898,401346,303217,1802782,682044,245194,807991,1285766,710312,558931,16523
2017:Q3,Hispanic,2627397,3617618,1326189,337251,319503,546687,364285,229661,494042,990222,664283,303932,22007
2017:Q3,Other,7625171,9373281,2851054,420673,1536096,1296529,884419,812295,1572215,1748110,1219490,448222,80398
2017:Q4,White,82731528,93153967,20914228,4104060,22860495,12454596,7848326,9630957,15341306,10422439,7221123,2488880,712436
2017:Q4,Black,4525804,5831323,1519013,397303,313032,1819851,723945,247436,810742,1305519,715240,572394,17885
2017:Q4,Hispanic,2636693,3636766,1344032,341646,305141,556476,371737,234158,483576,1000072,670810,305682,23580
2017:Q4,Other,8001421,9787362,2969263,424627,1714453,1283345,916414,858938,1620322,1785941,1245172,463829,76940
2018:Q1,White,83452207,93908264,21346211,4152611,22743433,12543967,7794643,9696647,15630752,10456057,7238417,2479915,737725
2018:Q1,Black,4571310,5868857,1540732,399223,311390,1832392,722936,245934,816249,1297547,712469,566111,18967
2018:Q1,Hispanic,2641621,3641457,1371578,344992,279402,565057,367100,235432,477896,999836,670822,304529,24485
2018:Q1,Other,8275227,10085271,3110884,432054,1785514,1267347,915513,898899,1675060,1810044,1266981,469321,73742
2018:Q2,White,84396331,94933799,21618742,4197858,23053158,12645341,7885875,9814049,15718776,10537468,7284283,2505099,748086
2018:Q2,Black,4610180,5913580,1554013,397488,312917,1844053,742030,246209,816870,1303400,713775,569667,19958
2018:Q2,Hispanic,2627322,3629811,1385469,347873,256565,573487,367831,238359,460227,1002489,674487,303315,24687
2018:Q2,Other,8541069,10387266,3203971,437680,1896619,1252388,931192,944524,1720891,1846197,1294306,480093,71798
2018:Q3,White,86054554,96702708,21929832,4233656,24009826,12761292,8086747,9887910,15793445,10648154,7338945,2553291,755918
2018:Q3,Black,4656159,5971772,1567236,392818,319322,1855272,775694,244264,817166,1315614,716817,579776,19021
2018:Q3,Hispanic,2608759,3618428,1396055,349614,238080,581967,372307,239467,440938,1009669,679826,305375,24468
2018:Q3,Other,8885750,10772090,3307801,441629,2069252,1239004,959579,986661,1768164,1886340,1323432,496123,66785
2018:Q4,White,82247962,92979005,21557013,4287822,20741088,12827132,7444585,9856134,16265231,10731044,7374961,2601612,754471
2018:Q4,Black,4486911,5811466,1537802,385465,290107,1855775,686135,237555,818626,1324554,715914,588887,19753
2018:Q4,Hispanic,2495105,3506403,1365509,353336,188069,587891,344121,236563,430914,1011298,682083,305149,24066
2018:Q4,Other,8625788,10551235,3290520,444982,1857576,1215879,888990,1018959,1834329,1925447,1348659,511394,65394
2019:Q1,White,86742268,97467319,21487815,4337051,23881328,12997746,8003247,9979627,16780505,10725052,7387180,2594600,743272
2019:Q1,Black,4618717,5924043,1515700,397520,313696,1870240,770239,236994,819655,1305327,710211,579295,15821
2019:Q1,Hispanic,2506768,3513434,1351921,354149,184779,597846,362219,239230,423289,1006666,680655,303521,22490
2019:Q1,Other,9220543,11163271,3324529,459212,2236796,1210385,960036,1067399,1904914,1942728,1368891,517054,56783
2019:Q2,White,88874325,99703923,22251828,4371740,24585331,13140111,8215720,10278722,16860470,10829597,7431086,2634578,763933
2019:Q2,Black,4688402,6001932,1550422,394942,316424,1881139,803427,243332,812246,1313530,714794,582381,16355
2019:Q2,Hispanic,2512961,3528709,1387323,354799,163296,604916,366868,248174,403333,1015748,688491,304198,23059
2019:Q2,Other,9679850,11660479,3512486,465116,2395694,1207508,990669,1134663,1954343,1980629,1396593,530950,53086
2019:Q3,White,89139919,100076041,22231489,4422976,24367434,13278166,8278222,10363808,17133946,10936121,7484636,2682200,769285
2019:Q3,Black,4648261,5967558,1529259,378957,311381,1888643,813724,240475,805120,1319297,716681,587872,14744
2019:Q3,Hispanic,2501235,3525348,1416395,358601,135322,611719,365841,249342,388129,1024113,694859,306732,22522
2019:Q3,Other,9862046,11881912,3551935,464190,2471030,1203353,1003648,1181121,2006635,2019866,1425801,547343,46722
2019:Q4,White,91731877,102768326,22150234,4462574,26131575,13421061,8647778,10414111,17540993,11036449,7532907,2727216,776326
2019:Q4,Black,4680395,6020499,1539112,379251,316103,1899207,838285,242274,806266,1340104,717504,606271,16329
2019:Q4,Hispanic,2472189,3492008,1363549,358412,150916,610192,369436,241055,398448,1019819,693871,303721,22227
2019:Q4,Other,10080330,12133634,3518948,471106,2655395,1232264,1057204,1161361,2037355,2053305,1447037,554982,51286
2020:Q1,White,86486900,97542138,22898086,4494726,20047379,13428930,7688727,10578715,18405575,11055238,7566519,2676567,812152
2020:Q1,Black,4520778,5849250,1583648,379314,259361,1886559,679070,248260,813038,1328472,712614,593902,21956
2020:Q1,Hispanic,2428889,3439435,1392432,357531,114180,603529,325094,236993,409676,1010546,689113,297690,23743
2020:Q1,Other,9560175,11630831,3636048,477965,2090254,1236651,949805,1153096,2087012,2070656,1464848,544959,60849
2020:Q2,White,93100598,104156131,23358431,4494513,24360537,13532635,8585590,10670881,19153544,11055533,7618135,2646993,790405
2020:Q2,Black,4680479,5997104,1613281,372246,284318,1885735,774917,250854,815753,1316625,709160,587233,20232
2020:Q2,Hispanic,2521364,3520495,1404751,354191,146151,601026,349023,230560,434793,999130,686823,290468,21839
2020:Q2,Other,10182971,12269409,3686191,479666,2520067,1258330,1068795,1137068,2119292,2086439,1486450,537772,62217
2020:Q3,White,97087595,108324691,24293162,4615689,26618945,13613197,9024097,11017980,19141620,11237095,7727813,2677588,831694
2020:Q3,Black,4775618,6107811,1665252,391094,292356,1878631,806416,262945,811118,1332193,712067,597991,22135
2020:Q3,Hispanic,2596033,3599682,1446105,360667,164340,597997,356532,233070,440971,1003649,691529,288790,23330
2020:Q3,Other,10647616,12775796,3831623,502181,2754795,1275697,1132572,1146877,2132051,2128181,1520209,543251,64721
2020:Q4,White,104117734,115566474,25135607,4726829,31024475,13787606,9729599,11338017,19824342,11448740,7838674,2708518,901548
2020:Q4,Black,4934315,6275057,1715413,406037,315410,1882102,868421,273220,814454,1340742,703867,610142,26733
2020:Q4,Hispanic,2717550,3715031,1484450,366550,196470,599083,373082,234722,460674,997481,688266,282799,26416
2020:Q4,Other,11377664,13548129,3951678,522858,3199957,1310253,1229265,1153515,2180602,2170465,1552388,547567,70510
2021:Q1,White,108904035,120482799,26414468,4818064,33618624,13906216,9961919,11629861,20133648,11578764,7928200,2700776,949788
2021:Q1,Black,5017846,6351706,1779482,422232,324050,1874253,865453,281613,804623,1333860,696243,608074,29543
2021:Q1,Hispanic,2834320,3827826,1553499,370328,216592,598480,372911,235529,480488,993506,686829,278306,28371
2021:Q1,Other,11912307,14113454,4158395,544594,3472373,1334508,1267984,1156890,2178710,2201147,1581135,545334,74678
2021:Q2,White,115149878,127216116,28701546,5052428,36439727,14048726,10432439,12323678,20217572,12066238,8252338,2846849,967051
2021:Q2,Black,5163837,6564328,1910838,464547,333334,1866412,891765,304328,793104,1400491,721945,648249,30297
2021:Q2,Hispanic,2997029,4025892,1689731,385563,238196,599364,381858,250053,481126,1028863,717600,282431,28832
2021:Q2,Other,12669521,14980946,4534752,590423,3769232,1363131,1337075,1200904,2185430,2311425,1660809,572700,77916
2021:Q3,White,117968667,130258675,30040904,5227662,36872273,14145088,10429942,13035063,20507744,12290008,8398441,2900192,991375
2021:Q3,Black,5199223,6621730,1989092,488733,325432,1848831,858598,326340,784704,1422507,733897,656438,32172
2021:Q3,Hispanic,3085004,4138146,1771779,396929,244272,599087,375154,265305,485619,1053142,737766,285695,29681
2021:Q3,Other,13012671,15384458,4742018,623855,3833819,1383101,1348013,1246294,2207358,2371787,1705632,582768,83387
2021:Q4,White,121505673,134047367,30567042,5416481,38671015,14310209,10804647,13456660,20821313,12541694,8558519,2964763,1018412
2021:Q4,Black,5220789,6667283,2016542,511120,326239,1836937,867250,336208,772988,1446494,743760,666883,35851
2021:Q4,Hispanic,3152663,4229247,1806765,409953,259463,602150,381106,270940,498870,1076583,758810,287206,30567
2021:Q4,Other,13352498,15793259,4797608,658403,4033550,1415823,1405499,1261733,2220644,2440761,1753401,593868,93492
2022:Q1,White,121998540,134707905,32731215,5619559,36796187,14071041,10330938,13856923,21302042,12709365,8692879,2990747,1025739
2022:Q1,Black,5161731,6620245,2125561,536449,302633,1769426,777619,344061,764495,1458514,761693,660348,36473
2022:Q1,Hispanic,3238676,4351954,1943819,424150,250845,590396,358712,276113,507919,1113278,790173,292511,30594
2022:Q1,Other,13494859,15991122,5165001,697677,3870130,1372350,1356670,1274634,2254660,2496263,1799243,598614,98406
2022:Q2,White,116871865,129813643,34541955,5730086,30509244,13790639,9330482,14453543,21457694,12941778,8873940,3076490,991348
2022:Q2,Black,4970242,6445504,2229362,535360,251343,1691055,638528,357491,742364,1475262,766740,673183,35339
2022:Q2,Hispanic,3260939,4398306,2060132,432774,213292,579311,319684,288240,504872,1137367,813368,295464,28535
2022:Q2,Other,12970889,15540196,5428009,715777,3262427,1311224,1240636,1307230,2274893,2569308,1851667,613989,103652
2022:Q3,White,114168502,127340804,33663945,5852955,28967890,13610385,8974086,14450287,21821256,13172302,9033559,3148099,990644
2022:Q3,Black,4695283,6168615,2131363,537643,231318,1624235,573188,348771,722096,1473331,755609,682547,35175
2022:Q3,Hispanic,3122019,4270997,1962806,442589,206980,572903,302734,280409,502576,1148978,824198,296519,28261
2022:Q3,Other,12466932,15099022,5163342,738304,3124787,1267894,1205072,1278219,2321404,2632091,1896824,627122,108145
2022:Q4,White,114986511,128253691,32771666,5890806,30413913,13418643,9296791,14065480,22396393,13267180,9123040,3210325,933815
2022:Q4,Black,4674110,6166383,2112596,544837,240326,1600552,603832,335448,728792,1492273,758104,700745,33424
2022:Q4,Hispanic,3101918,4258013,1940031,447524,217699,568391,314829,268527,501012,1156095,831604,299100,25391
2022:Q4,Other,12699498,15400234,5131559,756148,3317131,1246650,1263733,1256234,2428778,2700736,1941345,648269,111122
2023:Q1,White,117849343,131121602,32887350,5949669,32231686,13516550,9723570,13897900,22914877,13272259,9165689,3197550,909020
2023:Q1,Black,4775066,6252903,2121692,552866,251885,1613527,648033,329763,735137,1477837,744708,702922,30207
2023:Q1,Hispanic,3176426,4321025,1961449,455690,231592,576559,332194,264458,499083,1144600,824252,295775,24573
2023:Q1,Other,13248064,15987946,5239054,777123,3560355,1283983,1340960,1258726,2527745,2739882,1977405,655737,106740
2023:Q2,White,122364128,135734030,34731155,6006004,34074935,13613419,10128976,14185734,22993807,13369901,9229136,3228892,911873
2023:Q2,Black,4967221,6458879,2229422,564996,263888,1629109,691779,340312,739373,1491658,746360,715620,29678
2023:Q2,Hispanic,3316452,4460421,2057721,460276,244173,580797,346573,274461,496420,1143969,825206,293919,24844
2023:Q2,Other,14089249,16874380,5695790,796571,3791903,1317421,1409450,1302797,2560448,2785131,2011039,668241,105851
2023:Q3,White,121306987,134798383,35079016,6006370,32843399,13468905,10111642,14243173,23045878,13491396,9316525,3241766,933105
2023:Q3,Black,4980728,6491999,2261574,567103,257643,1620433,701644,344229,739373,1511271,755541,725081,30649
2023:Q3,Hispanic,3327239,4478052,2081974,461863,236572,576782,349735,277368,493757,1150812,833252,291516,26044
2023:Q3,Other,14006795,16812428,5778004,796039,3664222,1290463,1410098,1309583,2564019,2805633,2030365,669581,105687
2023:Q4,White,125143848,138740723,34763844,6016556,35976519,13814459,10614617,13910828,23643900,13596875,9383855,3280544,932476
2023:Q4,Black,5045311,6567375,2236639,571940,276466,1658849,743383,332122,747976,1522064,755748,735687,30629
2023:Q4,Hispanic,3366199,4524592,2073716,464252,258913,593130,365506,267232,501843,1158393,839542,292726,26125
2023:Q4,Other,14439956,17275640,5722349,803823,4004746,1363631,1478488,1278126,2624477,2835685,2050256,679269,106160
2024:Q1,White,129657508,143276995,35490880,6059139,39050863,13900335,11150921,13766636,23858222,13619487,9396889,3250130,972468
2024:Q1,Black,5184017,6693546,2273768,579196,295052,1667224,798414,326564,753328,1509530,748540,728070,32920
2024:Q1,Hispanic,3493827,4657868,2132229,472159,282554,602673,387964,264577,515712,1164040,841835,293851,28354
2024:Q1,Other,15250087,18128248,5974601,825065,4396361,1400228,1574452,1282463,2675078,2878161,2083664,684312,110185
2024:Q2,White,131763767,145459099,36706991,6070568,39713102,13944367,11307337,13919090,23797643,13695332,9451834,3259065,984433
2024:Q2,Black,5291715,6810685,2346370,582450,299863,1676603,817380,332415,755605,1518970,752046,733988,32936
2024:Q2,Hispanic,3607311,4785114,2220141,478518,290387,611408,398183,272760,513717,1177804,853626,294797,29381
2024:Q2,Other,15822897,18744908,6324860,836534,4518122,1424533,1614015,1313599,2713245,2922011,2119029,693005,109977
2024:Q3,White,135231099,149001896,36441923,6092498,42401411,14023572,11761467,13986199,24294826,13770797,9510930,3278156,981711
2024:Q3,Black,5421653,6967593,2359155,593017,319998,1706029,875866,338529,775000,1545940,766285,747183,32472
2024:Q3,Hispanic,3649069,4842814,2218544,482943,310623,617970,416466,276476,519792,1193745,864227,300031,29487
2024:Q3,Other,16252590,19207166,6295885,844923,4832681,1448799,1684607,1327701,2772569,2954576,2143600,702394,108582
2024:Q4,White,135769073,149494631,36115368,6153882,42818881,14104764,11709538,14082755,24509442,13725557,9587336,3218141,920080
2024:Q4,Black,5510555,7054566,2374026,609964,327065,1739560,880432,346404,777114,1544010,776747,742712,24551
2024:Q4,Hispanic,3693981,4892993,2223445,492843,316553,627223,417980,282358,532591,1199013,873050,298081,27882
2024:Q4,Other,16265166,19198417,6218144,854501,4876607,1465480,1676442,1337697,2769546,2933251,2158397,689126,85728
2025:Q1,White,135184019,148826847,36381318,6209911,41871294,14089914,11428544,14004159,24841707,13642828,9573665,3208319,860844
2025:Q1,Black,5545363,7090624,2400605,631517,323558,1749264,854003,345322,786354,1545261,777655,745135,22471
2025:Q1,Hispanic,3761660,4974318,2271975,504550,315263,637438,414801,283346,546945,1212658,883424,303370,25864
2025:Q1,Other,16656173,19655693,6439377,895145,4905800,1497027,1682995,1364458,2870891,2999520,2213355,706482,79683
2025:Q2,White,139972488,153636275,37050262,6303605,45130784,14128692,12120579,13988396,24913957,13663787,9596964,3212279,854544
2025:Q2,Black,5704345,7256118,2441464,648993,344664,1756563,930675,344742,789017,1551773,779609,748129,24035
2025:Q2,Hispanic,3953148,5196732,2367353,525430,347268,655807,451314,289321,560239,1243584,907431,309565,26588
2025:Q2,Other,17787310,20873966,6781635,938909,5416256,1542939,1830248,1400165,2963815,3086657,2280738,726322,79597
2025:Q3,White,143992814,157760187,36662075,6374501,48468552,14178055,12655226,14222174,25199605,13767373,9643724,3228579,895070
2025:Q3,Black,5763269,7320440,2415256,654289,364521,1757737,987595,351785,789257,1557171,780819,750141,26211
2025:Q3,Hispanic,4047708,5319019,2382962,540013,377070,667692,478323,302095,570864,1271311,924803,317179,29329
2025:Q3,Other,18524596,21683291,6807992,965185,5899880,1579361,1941327,1452386,3037160,3158695,2332474,744426,81795
2025:Q4,White,145302126,159180023,36309172,6448651,49637729,14255585,12767395,14195700,25565791,13877897,9685932,3255910,936055
2025:Q4,Black,5795722,7375160,2408780,665071,373369,1775727,1004687,352802,794724,1579438,788785,761912,28741
2025:Q4,Hispanic,4113866,5414789,2404039,556399,392006,681929,489906,306558,583953,1300923,944921,323786,32216
2025:Q4,Other,18791747,21996890,6791433,983657,6087946,1615150,1974179,1462518,3082007,3205143,2363571,757802,83770
2026:Q1,White,144198516,157971613,36579937,6564106,48121895,14214111,12393687,14317062,25780816,13773097,9613921,3209539,949637
2026:Q1,Black,5745788,7289561,2392240,686831,359654,1752449,956681,354504,787201,1543773,771300,742962,29511
2026:Q1,Hispanic,4170716,5472181,2436808,571443,384267,686523,480308,316081,596751,1301466,943220,324824,33422
2026:Q1,Other,19894600,23272458,7314358,1077422,6280333,1718097,2038931,1571777,3271541,3377858,2492543,795707,89608
